speed_kmh,rpm,engine_load_pct,maf_gps,fuel_rate_lph,distance_km,speed_mps,time_s,dt_s,accel_mps2,distance_step_m,required_load_pct,power_load_deviation_pp,is_analyzable_quasi_cruise,obd_grade_class,equivalent_grade_index_pct
,,,,,0.0,,0.0,1.0,0.0,,,,False,non_analyzed,
,,,,,0.0,,1.0,1.0,0.0,,,,False,non_analyzed,
,,,,,0.0,,2.0,1.0,0.0,,,,False,non_analyzed,
,,,,,0.0,,3.0,1.0,0.0,,,,False,non_analyzed,
,,,,,0.0,,4.0,1.0,0.0,,,,False,non_analyzed,
,,,,,0.0,,5.0,1.0,0.0,,,,False,non_analyzed,
,,,,,0.0,,6.0,1.0,0.0,,,,False,non_analyzed,
,,,,,0.0,,7.0,1.0,0.0,,,,False,non_analyzed,
,,,,,0.0,,8.0,1.0,0.0,,,,False,non_analyzed,
,,,,,0.0,,9.0,1.0,0.0,,,,False,non_analyzed,
,,,,,0.0,,10.0,1.0,0.0,,,,False,non_analyzed,
,,,,,0.0,,11.0,1.0,0.0,,,,False,non_analyzed,
,,,,,0.0,,12.0,1.0,0.0,,,,False,non_analyzed,
,,,,,0.0,,13.0,1.0,0.0,,,,False,non_analyzed,
,,,,,0.0,,14.0,1.0,0.0,,,,False,non_analyzed,
,,,,,0.0,,15.0,1.0,0.0,,,,False,non_analyzed,
,,,,,0.0,,16.0,1.0,0.0,,,,False,non_analyzed,
,,,,,0.0,,17.0,1.0,0.0,,,,False,non_analyzed,
,,,,,0.0,,18.0,1.0,0.0,,,,False,non_analyzed,
,,,,,0.0,,19.0,1.0,0.0,,,,False,non_analyzed,
,,,,,0.0,,20.0,1.0,0.0,,,,False,non_analyzed,
0.0,899.75,34.803921568627445,7.28,0.7308597285067874,0.0,0.0,21.0,1.0,0.0,0.0,8.0,26.803921568627445,False,non_analyzed,7.658263305322127
0.0,899.75,34.803921568627445,7.28,0.7308597285067874,0.0,0.0,22.0,1.0,0.0,0.0,8.0,26.803921568627445,False,non_analyzed,7.658263305322127
0.0,899.75,34.803921568627445,7.28,0.7308597285067874,0.0,0.0,23.0,1.0,0.0,0.0,8.0,26.803921568627445,False,non_analyzed,7.658263305322127
0.0,899.7142857142857,34.56582633053221,7.2542857142857144,0.7233112475759534,0.0,0.0,24.0,1.0,0.0,0.0,8.0,26.56582633053221,False,non_analyzed,7.590236094437775
0.0,900.0,34.64052287581699,7.233333333333333,0.7227828054298642,0.0,0.0,25.0,1.0,0.0,0.0,8.0,26.64052287581699,False,non_analyzed,7.611577964519141
0.0,900.0,34.646747587924054,7.233015873015873,0.7228808446455505,0.0,0.0,26.0,1.0,0.0,0.0,8.0,26.646747587924054,False,non_analyzed,7.613356453692587
0.0,900.0,34.652972300031124,7.232698412698412,0.7229788838612368,0.0,0.0,27.0,1.0,0.0,0.0,8.0,26.652972300031124,False,non_analyzed,7.615134942866035
0.0,900.0,34.659197012138186,7.232380952380953,0.723076923076923,0.0,0.0,28.0,1.0,0.0,0.0,8.0,26.659197012138186,False,non_analyzed,7.616913432039482
0.0,900.0,34.66542172424525,7.232063492063492,0.7231749622926092,0.0,0.0,29.0,1.0,0.0,0.0,8.0,26.66542172424525,False,non_analyzed,7.618691921212928
0.0,900.0,34.67164643635232,7.231746031746032,0.7232730015082955,0.0,0.0,30.0,1.0,0.0,0.0,8.0,26.67164643635232,False,non_analyzed,7.6204704103863765
0.0,900.0,34.67164643635232,7.231746031746032,0.7232730015082955,0.0,0.0,31.0,1.0,0.0,0.0,8.0,26.67164643635232,False,non_analyzed,7.6204704103863765
0.0,900.0,34.67164643635232,7.231746031746032,0.7232730015082955,0.0,0.0,32.0,1.0,0.0,0.0,8.0,26.67164643635232,False,non_analyzed,7.6204704103863765
,,,,,0.0,,33.0,1.0,0.0,,,,False,non_analyzed,
,,,,,0.0,,34.0,1.0,0.0,,,,False,non_analyzed,
,,,,,0.0,,35.0,1.0,0.0,,,,False,non_analyzed,
,,,,,0.0,,36.0,1.0,0.0,,,,False,non_analyzed,
,,,,,0.0,,37.0,1.0,0.0,,,,False,non_analyzed,
,,,,,0.0,,38.0,1.0,0.0,,,,False,non_analyzed,
,,,,,0.0,,39.0,1.0,0.0,,,,False,non_analyzed,
,,,,,0.0,,40.0,1.0,0.0,,,,False,non_analyzed,
,,,,,0.0,,41.0,1.0,0.0,,,,False,non_analyzed,
,,,,,0.0,,42.0,1.0,0.0,,,,False,non_analyzed,
,,,,,0.0,,43.0,1.0,0.0,,,,False,non_analyzed,
,,,,,0.0,,44.0,1.0,0.0,,,,False,non_analyzed,
,,,,,0.0,,45.0,1.0,0.0,,,,False,non_analyzed,
,,,,,0.0,,46.0,1.0,0.0,,,,False,non_analyzed,
,,,,,0.0,,47.0,1.0,0.0,,,,False,non_analyzed,
,,,,,0.0,,48.0,1.0,0.0,,,,False,non_analyzed,
,,,,,0.0,,49.0,1.0,0.0,,,,False,non_analyzed,
,,,,,0.0,,50.0,1.0,0.0,,,,False,non_analyzed,
,,,,,0.0,,51.0,1.0,0.0,,,,False,non_analyzed,
,,,,,0.0,,52.0,1.0,0.0,,,,False,non_analyzed,
,,,,,0.0,,53.0,1.0,0.0,,,,False,non_analyzed,
,,,,,0.0,,54.0,1.0,0.0,,,,False,non_analyzed,
,,,,,0.0,,55.0,1.0,0.0,,,,False,non_analyzed,
,,,,,0.0,,56.0,1.0,0.0,,,,False,non_analyzed,
,,,,,0.0,,57.0,1.0,0.0,,,,False,non_analyzed,
,,,,,0.0,,58.0,1.0,0.0,,,,False,non_analyzed,
,,,,,0.0,,59.0,1.0,0.0,,,,False,non_analyzed,
,,,,,0.0,,60.0,1.0,0.0,,,,False,non_analyzed,
,,,,,0.0,,61.0,1.0,0.0,,,,False,non_analyzed,
,,,,,0.0,,62.0,1.0,0.0,,,,False,non_analyzed,
,,,,,0.0,,63.0,1.0,0.0,,,,False,non_analyzed,
,,,,,0.0,,64.0,1.0,0.0,,,,False,non_analyzed,
0.0,900.0,34.90196078431372,7.22,0.7269004524886878,0.0,0.0,65.0,1.0,0.0,0.0,8.0,26.901960784313722,False,non_analyzed,7.686274509803921
0.0,900.0,34.90196078431372,7.22,0.7269004524886878,0.0,0.0,66.0,1.0,0.0,0.0,8.0,26.901960784313722,False,non_analyzed,7.686274509803921
0.0,900.0,34.90196078431372,7.22,0.7269004524886878,0.0,0.0,67.0,1.0,0.0,0.0,8.0,26.901960784313722,False,non_analyzed,7.686274509803921
0.0,900.0,34.37908496732026,7.173333333333333,0.7113668929110105,0.0,0.0,68.0,1.0,0.0,0.0,8.0,26.37908496732026,False,non_analyzed,7.53688141923436
0.0,899.8571428571429,34.34173669467787,7.164285714285714,0.7097058823529412,0.0,0.0,69.0,1.0,0.0,0.0,8.0,26.34173669467787,False,non_analyzed,7.526210484193677
0.0,899.7142857142857,34.30438842203548,7.155238095238095,0.7080448717948717,0.0,0.0,70.0,1.0,0.0,0.0,8.0,26.30438842203548,False,non_analyzed,7.515539549152995
0.0,899.5714285714286,34.26704014939309,7.146190476190476,0.7063838612368024,0.0,0.0,71.0,1.0,0.0,0.0,8.0,26.26704014939309,False,non_analyzed,7.504868614112311
0.0,899.4285714285714,34.2296918767507,7.137142857142857,0.704722850678733,0.0,0.0,72.0,1.0,0.0,0.0,8.0,26.2296918767507,False,non_analyzed,7.494197679071628
0.0,899.2857142857143,34.19234360410831,7.128095238095238,0.7030618401206636,0.0,0.0,73.0,1.0,0.0,0.0,8.0,26.19234360410831,False,non_analyzed,7.483526744030946
0.0,899.2857142857143,34.19234360410831,7.128095238095238,0.7030618401206636,0.0,0.0,74.0,1.0,0.0,0.0,8.0,26.19234360410831,False,non_analyzed,7.483526744030946
0.0,899.0,34.11764705882353,7.11,0.6997398190045249,0.0,0.0,75.0,1.0,0.0,0.0,8.0,26.11764705882353,False,non_analyzed,7.46218487394958
0.0,899.1428571428571,33.94957983193277,7.168571428571428,0.7020329670329671,0.0,0.0,76.0,1.0,0.0,0.0,8.0,25.949579831932773,False,non_analyzed,7.4141656662665065
0.0,899.5,33.790849673202615,7.195,0.7013442684766215,0.0,0.0,77.0,1.0,0.0,0.0,8.0,25.790849673202615,False,non_analyzed,7.368814192343605
0.0,899.1666666666666,34.37908496732026,7.173333333333333,0.7113235294117648,0.0,0.0,78.0,1.0,0.0,0.0,8.0,26.37908496732026,False,non_analyzed,7.53688141923436
0.0,896.1666666666666,37.71241830065359,7.1499999999999995,0.7776168929110105,0.0,0.0,79.0,1.0,0.0,0.0,8.0,29.71241830065359,False,non_analyzed,8.489262371615311
0.0,900.5,36.86274509803922,7.221666666666667,0.7679053544494722,0.0,0.0,80.0,1.0,0.0,0.0,8.0,28.86274509803922,False,non_analyzed,8.246498599439777
0.0,899.8,36.86274509803921,7.226000000000001,0.7683642533936652,0.0,0.0,81.0,1.0,0.0,0.0,8.0,28.862745098039213,False,non_analyzed,8.246498599439775
0.0,899.6666666666666,35.88235294117647,7.203333333333333,0.7456089743589743,0.0,0.0,82.0,1.0,0.0,0.0,8.0,27.88235294117647,False,non_analyzed,7.966386554621849
0.0,899.8571428571429,35.51820728291317,7.224285714285714,0.7401567550096962,0.0,0.0,83.0,1.0,0.0,0.0,8.0,27.518207282913167,False,non_analyzed,7.86234493797519
0.0,899.6666666666666,33.20261437908496,7.326666666666667,0.7016534690799398,0.0,0.0,84.0,1.0,0.030864197530864196,0.0,8.0,25.202614379084963,False,non_analyzed,7.200746965452846
0.3333333333333333,922.8333333333334,53.529411764705884,7.72,1.1912500000000001,2.1445523148148146e-05,0.09259259259259259,85.0,1.0,0.18518518518518517,0.09259259259259259,8.060166666666667,45.46924509803922,False,non_analyzed,12.0
2.0,950.8,51.05882352941176,8.156,1.2012330316742081,0.00038144239444438,0.5555555555555556,86.0,1.0,0.2248677248677249,0.5555555555555556,8.366,42.69282352941176,False,non_analyzed,12.0
2.4285714285714284,949.1428571428571,51.87675070028011,7.675714285714286,1.1485843568196508,0.0009565283769840715,0.6746031746031745,87.0,1.0,0.3130511463844797,0.6746031746031745,8.445989795918369,43.43076090436175,False,non_analyzed,12.0
3.7142857142857144,950.1428571428571,51.42857142857143,7.597142857142857,1.1270652876535228,0.0018202063809523571,1.0317460317460319,88.0,1.0,0.2777777777777777,1.0317460317460319,8.689265306122449,42.73930612244898,True,strong_uphill_or_external_load,12.0
5.0,948.3333333333334,51.89542483660131,7.633333333333333,1.1427262443438915,0.0031522070972221667,1.3888888888888888,89.0,1.0,0.14550264550264558,1.3888888888888888,8.9375,42.95792483660131,True,strong_uphill_or_external_load,12.0
4.0,950.1666666666666,51.43790849673203,7.718333333333334,1.1452356711915537,0.0044196671018518,1.1111111111111112,90.0,1.0,0.026455026455026287,1.1111111111111112,8.744,42.69390849673203,True,strong_uphill_or_external_load,12.0
4.0,949.3333333333334,51.1764705882353,7.733333333333333,1.141628959276018,0.00552510662037035,1.1111111111111112,91.0,1.0,-0.13888888888888884,1.1111111111111112,8.744,42.4324705882353,True,strong_uphill_or_external_load,12.0
3.5,949.3333333333334,51.30718954248366,7.673333333333333,1.1356674208144797,0.006489643189814783,0.9722222222222222,92.0,1.0,-0.09259259259259245,0.9722222222222222,8.648375000000001,42.65881454248366,True,strong_uphill_or_external_load,12.0
3.0,949.0,51.596638655462186,7.668571428571428,1.1413671622495152,0.0073816236944444,0.8333333333333333,93.0,1.0,-0.015432098765432167,0.8333333333333333,8.5535,43.04313865546219,True,strong_uphill_or_external_load,12.0
3.8333333333333335,950.1666666666666,50.98039215686274,7.655,1.1257296380090498,0.008325800620370317,1.0648148148148149,94.0,1.0,-0.006613756613756516,1.0648148148148149,8.712041666666666,42.26835049019608,True,strong_uphill_or_external_load,12.0
3.4285714285714284,949.0,51.48459383753501,7.660000000000001,1.137611506140918,0.009391074503968214,0.9523809523809523,95.0,1.0,-0.09259259259259256,0.9523809523809523,8.634775510204081,42.84981832733093,True,strong_uphill_or_external_load,12.0
2.0,949.4,52.47058823529412,7.628,1.154549773755656,0.01007255446111106,0.5555555555555556,96.0,1.0,-0.16975308641975317,0.5555555555555556,8.366,44.10458823529412,True,strong_uphill_or_external_load,12.0
2.0,950.4285714285714,51.48459383753501,7.5842857142857145,1.1263703943115708,0.010644565226190414,0.5555555555555556,97.0,1.0,-0.14770723104056438,0.5555555555555556,8.366,43.11859383753501,True,strong_uphill_or_external_load,12.0
1.8333333333333333,949.5,51.43790849673203,7.580000000000001,1.1247039969834087,0.0112221418657407,0.5092592592592592,98.0,1.0,-0.09259259259259256,0.5092592592592592,8.335041666666667,43.10286683006536,False,non_analyzed,12.0
1.0,949.0,51.568627450980394,7.641666666666667,1.1367364253393666,0.0115604096759259,0.2777777777777778,99.0,1.0,-0.12345679012345684,0.2777777777777778,8.1815,43.387127450980394,False,non_analyzed,12.0
0.6666666666666666,949.5,51.11111111111111,7.698333333333334,1.1349981146304675,0.011816640300925866,0.18518518518518517,100.0,1.0,-0.16975308641975304,0.18518518518518517,8.120666666666667,42.99044444444444,False,non_analyzed,12.0
0.0,904.0,46.74509803921569,6.794,0.9169819004524887,0.0118589701666666,0.0,101.0,1.0,0.030864197530864224,0.0,8.0,38.74509803921569,False,non_analyzed,11.070028011204483
1.3333333333333333,894.6666666666666,66.47058823529412,6.91,1.3201809954751134,0.01199505286111105,0.37037037037037035,102.0,1.0,0.32407407407407407,0.37037037037037035,8.242666666666667,58.22792156862745,False,non_analyzed,12.0
4.166666666666667,905.5,57.3202614379085,7.285,1.2033069381598793,0.012904031805555516,1.1574074074074074,103.0,1.0,0.4320987654320988,1.1574074074074074,8.776041666666666,48.544219771241835,False,non_analyzed,12.0
4.666666666666667,896.6666666666666,54.509803921568626,7.373333333333334,1.1575056561085972,0.014224886305555517,1.2962962962962963,104.0,1.0,0.11728395061728392,1.2962962962962963,8.872666666666667,45.63713725490196,True,strong_uphill_or_external_load,12.0
2.6,898.8,48.470588235294116,7.031999999999999,0.9865339366515837,0.01520930372777772,0.7222222222222222,105.0,1.0,-0.12654320987654322,0.7222222222222222,8.47814,39.99244823529412,True,strong_uphill_or_external_load,11.426413781512606
2.8,891.8,61.803921568627445,6.8340000000000005,1.2178755656108597,0.01581250221111108,0.7777777777777777,106.0,1.0,0.0,0.7777777777777777,8.51576,53.288161568627444,True,strong_uphill_or_external_load,12.0
4.666666666666667,903.1666666666666,54.37908496732027,7.558333333333334,1.184096907993967,0.016937657976851817,1.2962962962962963,107.0,1.0,0.36111111111111105,1.2962962962962963,8.872666666666667,45.5064183006536,False,non_analyzed,12.0
6.5,901.3333333333334,40.588235294117645,7.361666666666667,0.8629279788838612,0.0186438067407407,1.8055555555555556,108.0,1.0,0.5,1.8055555555555556,9.233375,31.354860294117643,False,non_analyzed,8.95853151260504
8.2,896.8,39.05882352941177,6.938,0.7816923076923078,0.02074776047222218,2.2777777777777777,109.0,1.0,0.6327160493827162,2.2777777777777777,9.57686,29.481963529411768,False,non_analyzed,8.423418151260504
11.5,900.1666666666666,37.45098039215687,7.025000000000001,0.7589083710407242,0.023489498865740716,3.194444444444444,110.0,1.0,0.6944444444444442,3.194444444444444,10.268375,27.182605392156873,False,non_analyzed,7.766458683473393
14.0,900.5,33.13725490196078,7.0725,0.6759191176470588,0.027520234347222176,3.888888888888889,111.0,1.0,0.5370370370370368,3.888888888888889,10.814,22.32325490196078,False,non_analyzed,6.378072829131652
14.0,899.7142857142857,32.268907563025216,7.135714285714286,0.6642065287653524,0.030898048027777757,3.888888888888889,112.0,1.0,0.15740740740740744,3.888888888888889,10.814,21.454907563025216,True,strong_uphill_or_external_load,6.129973589435776
13.2,898.8,33.96078431372549,7.146000000000001,0.7001380090497739,0.03483588975555554,3.6666666666666665,113.0,1.0,-0.09259259259259256,3.6666666666666665,10.63736,23.32342431372549,True,strong_uphill_or_external_load,6.663835518207283
13.0,899.8333333333334,34.57516339869281,7.206666666666667,0.718776395173454,0.03814676144907405,3.611111111111111,114.0,1.0,-0.15432098765432123,3.611111111111111,10.5935,23.98166339869281,True,strong_uphill_or_external_load,6.851903828197946
12.333333333333334,898.5,35.55555555555556,7.201666666666667,0.738437028657617,0.04204693131018514,3.425925925925926,115.0,1.0,-0.12962962962962887,3.425925925925926,10.448166666666667,25.10738888888889,True,strong_uphill_or_external_load,7.173539682539683
11.8,900.4,40.86274509803921,7.15,0.84279185520362,0.04512381063888884,3.2777777777777777,116.0,1.0,-0.32407407407407396,3.2777777777777777,10.33286,30.529885098039212,False,non_analyzed,8.72282431372549
9.5,901.5,44.05228758169934,7.201666666666667,0.9151395173453997,0.048050773773148085,2.638888888888889,117.0,1.0,-0.7160493827160495,2.638888888888889,9.845375,34.20691258169934,False,non_analyzed,9.77340359477124
4.6,899.0,43.76470588235294,7.244,0.9144547511312219,0.049986493594444396,1.2777777777777777,118.0,1.0,-0.9338624338624342,1.2777777777777777,8.859739999999999,34.90496588235294,False,non_analyzed,9.972847394957983
1.7142857142857142,899.2857142857143,42.35294117647059,7.224285714285714,0.882611506140918,0.05073322816666661,0.47619047619047616,119.0,1.0,-0.787037037037037,0.47619047619047616,8.312979591836735,34.03996158463385,False,non_analyzed,9.725703309895385
1.0,900.0,41.69934640522876,7.271666666666667,0.874634238310709,0.05106284476851849,0.2777777777777778,120.0,1.0,-0.3333333333333333,0.2777777777777778,8.1815,33.51784640522876,False,non_analyzed,9.576527544351075
1.0,898.8571428571429,41.28851540616246,7.232857142857143,0.8613671622495154,0.05132963242857138,0.2777777777777778,121.0,1.0,0.007936507936507964,0.2777777777777778,8.1815,33.10701540616246,False,non_analyzed,9.45914725890356
1.8,898.8,59.450980392156865,7.272,1.2475135746606336,0.051680332172222156,0.5,122.0,1.0,0.2962962962962964,0.5,8.32886,51.122120392156866,False,non_analyzed,12.0
4.2,900.4,58.4313725490196,7.398000000000001,1.2469343891402718,0.052496809866666584,1.1666666666666667,123.0,1.0,0.5401234567901233,1.1666666666666667,8.78246,49.6489125490196,False,non_analyzed,12.0
6.833333333333333,900.1666666666666,55.88235294117647,7.271666666666667,1.172124811463047,0.05423315220833327,1.898148148148148,124.0,1.0,0.6203703703703702,1.898148148148148,9.300041666666667,46.582311274509806,False,non_analyzed,12.0
8.5,904.6666666666666,34.57516339869281,7.04,0.6995607088989443,0.05634954967592589,2.361111111111111,125.0,1.0,0.462962962962963,2.361111111111111,9.638375,24.93678839869281,False,non_analyzed,7.124796685340803
9.2,898.0,37.17647058823529,7.072,0.7584117647058823,0.05894967432222213,2.5555555555555554,126.0,1.0,0.1080246913580245,2.5555555555555554,9.782960000000001,27.393510588235287,True,strong_uphill_or_external_load,7.8267173109243675
8.0,898.0,37.908496732026144,7.1883333333333335,0.7858993212669683,0.060878464444444384,2.2222222222222223,127.0,1.0,-0.06172839506172867,2.2222222222222223,9.536,28.372496732026143,True,strong_uphill_or_external_load,8.106427637721755
7.833333333333333,899.3333333333334,35.88235294117647,7.216666666666666,0.7469570135746606,0.06327893340277772,2.1759259259259256,128.0,1.0,-0.049382716049382935,2.1759259259259256,9.502041666666667,26.380311274509804,True,strong_uphill_or_external_load,7.537231792717087
8.666666666666666,918.6666666666666,48.36601307189542,7.336666666666667,1.0426960784313726,0.06560104460648142,2.407407407407407,129.0,1.0,0.2160493827160499,2.407407407407407,9.672666666666666,38.69334640522876,True,strong_uphill_or_external_load,11.05524183006536
10.333333333333334,1553.0,75.62091503267975,16.171666666666667,3.452469834087481,0.06825348070833324,2.8703703703703707,130.0,1.0,0.47839506172839474,2.8703703703703707,10.020166666666666,65.60074836601308,False,non_analyzed,12.0
13.0,1835.6,56.705882352941174,16.45,2.704814479638009,0.07172657292222215,3.611111111111111,131.0,1.0,0.6635802469135808,3.611111111111111,10.5935,46.112382352941175,False,non_analyzed,12.0
15.833333333333334,1255.0,69.86928104575163,10.703333333333333,2.128039215686275,0.07589181102314807,4.398148148148148,132.0,1.0,0.733024691358025,4.398148148148148,11.226041666666667,58.64323937908497,False,non_analyzed,12.0
18.25,1340.25,80.09803921568627,10.945,2.525240384615385,0.08069654664583326,5.069444444444445,133.0,1.0,0.6790123456790118,5.069444444444445,11.78459375,68.31344546568627,False,non_analyzed,12.0
20.333333333333332,1508.0,76.33986928104575,13.118333333333334,2.8737462292609357,0.08591146172685178,5.648148148148148,134.0,1.0,0.617283950617284,5.648148148148148,12.280166666666666,64.05970261437909,False,non_analyzed,12.0
22.5,1619.75,45.588235294117645,14.4,1.9115752262443442,0.09219847716666665,6.25,135.0,1.0,0.36265432098765515,6.25,12.809375000000001,32.77886029411764,False,non_analyzed,9.365388655462183
22.166666666666668,1568.1666666666667,9.019607843137253,11.988333333333335,0.2937820512820513,0.09795992571759254,6.157407407407407,136.0,1.0,0.04629629629629495,6.157407407407407,12.727041666666667,-3.7074338235294135,True,normal_load,-1.0592668067226896
20.833333333333332,1487.0,39.673202614379086,12.674999999999999,1.4375169683257922,0.10412532868055552,5.787037037037036,137.0,1.0,-0.07716049382715973,5.787037037037036,12.401041666666666,27.272160947712422,True,strong_uphill_or_external_load,7.792045985060692
21.666666666666668,1560.1666666666667,59.01960784313726,12.375,2.1117590497737555,0.1098434066296296,6.018518518518519,138.0,1.0,0.09567901234567877,6.018518518518519,12.604166666666668,46.415441176470594,True,strong_uphill_or_external_load,12.0
23.2,1660.4,58.82352941176471,13.374,2.269260180995475,0.11616821109999995,6.444444444444444,139.0,1.0,0.33950617283950635,6.444444444444444,12.98336,45.84016941176471,False,non_analyzed,12.0
24.5,1752.0,56.73202614379085,13.863333333333332,2.2649076168929114,0.12256271400462959,6.805555555555555,140.0,1.0,0.3827160493827151,6.805555555555555,13.310375,43.42165114379085,False,non_analyzed,12.0
25.8,1851.6,43.84313725490196,14.934000000000001,1.877314479638009,0.1296990776444444,7.166666666666667,141.0,1.0,0.35185185185185297,7.166666666666667,13.64246,30.20067725490196,False,non_analyzed,8.62876492997199
27.0,1882.6666666666667,21.241830065359476,15.658333333333333,0.9669362745098038,0.1370540713888889,7.5,142.0,1.0,0.1759259259259256,7.5,13.9535,7.288330065359476,True,transition_load,2.082380018674136
26.4,1884.8,2.980392156862745,17.712,0.1514524886877828,0.14508721600555557,7.333333333333333,143.0,1.0,0.0030864197530870996,7.333333333333333,13.797439999999998,-10.817047843137253,True,downhill_or_coast_possible,-3.0905850980392153
25.833333333333332,1834.8333333333333,0.0,17.42,0.0,0.15128213441203706,7.175925925925926,144.0,1.0,-0.26620370370370505,7.175925925925926,13.651041666666664,-13.651041666666664,True,downhill_or_coast_possible,-3.900297619047618
24.125,1717.375,0.0,16.035,0.0,0.15892890495138895,6.701388888888888,145.0,1.0,-0.314814814814814,6.701388888888888,13.215523437500002,-13.215523437500002,False,non_analyzed,-3.775863839285715
23.0,1647.3333333333333,11.372549019607844,15.290000000000001,0.49888009049773757,0.1655018981620371,6.388888888888888,146.0,1.0,-0.2623456790123466,6.388888888888888,12.9335,-1.5609509803921569,True,normal_load,-0.4459859943977591
23.0,1660.6,32.549019607843135,15.104000000000003,1.4089140271493215,0.17165785470000008,6.388888888888888,147.0,1.0,0.025462962962963687,6.388888888888888,12.9335,19.615519607843133,True,strong_uphill_or_external_load,5.604434173669467
24.4,1737.0,50.588235294117645,14.162,2.0620927601809957,0.1782089174944445,6.777777777777777,148.0,1.0,0.26234567901234485,6.777777777777777,13.285039999999999,37.30319529411764,True,strong_uphill_or_external_load,10.658055798319326
25.833333333333332,1834.0,40.130718954248366,14.786666666666667,1.6844268476621422,0.18510050584259266,7.175925925925926,149.0,1.0,0.26234567901234573,7.175925925925926,13.651041666666664,26.4796772875817,True,strong_uphill_or_external_load,7.5656220821662
25.833333333333332,1832.5,14.640522875816993,15.395000000000001,0.6332541478129713,0.19297538848611118,7.175925925925926,150.0,1.0,0.009259259259259522,7.175925925925926,13.651041666666664,0.9894812091503287,True,normal_load,0.2827089169000939
24.5,1774.5,13.627450980392158,16.8625,0.6714536199095023,0.19936347720833342,6.805555555555555,151.0,1.0,-0.12345679012345556,6.805555555555555,13.310375,0.3170759803921577,True,normal_load,0.09059313725490219
24.5,1741.0,27.84313725490196,15.128333333333332,1.2178148567119156,0.20658169524074085,6.805555555555555,152.0,1.0,-0.15123456790123502,6.805555555555555,13.310375,14.53276225490196,True,mild_uphill_or_external_load,4.152217787114846
24.2,1749.6,31.84313725490196,14.784,1.359814479638009,0.21283418308333343,6.722222222222221,153.0,1.0,0.046296296296295836,6.722222222222221,13.23446,18.608677254901963,True,strong_uphill_or_external_load,5.316764929971989
25.0,1776.0,43.19327731092437,14.711428571428572,1.8298448610213318,0.21988702332936522,6.944444444444445,154.0,1.0,0.06481481481481488,6.944444444444445,13.4375,29.755777310924373,True,strong_uphill_or_external_load,8.501650660264106
25.2,1813.4,45.64705882352941,14.475999999999999,1.9036221719457018,0.22659195037777793,7.0,155.0,1.0,0.16666666666666785,7.0,13.48856,32.15849882352941,True,strong_uphill_or_external_load,9.188142521008404
26.0,1830.4285714285713,33.72549019607843,15.837142857142856,1.5377957336780868,0.23424751389682555,7.222222222222222,156.0,1.0,0.07407407407407351,7.222222222222222,13.693999999999999,20.031490196078433,True,strong_uphill_or_external_load,5.723282913165266
25.8,1824.6,32.86274509803921,15.206,1.441002262443439,0.24103872302222235,7.166666666666667,157.0,1.0,-0.018518518518518157,7.166666666666667,13.64246,19.220285098039213,True,strong_uphill_or_external_load,5.491510028011204
25.0,1799.2857142857142,31.092436974789912,15.15,1.3584728506787331,0.24843543831349219,6.944444444444445,158.0,1.0,-0.1481481481481488,6.944444444444445,13.4375,17.654936974789912,True,strong_uphill_or_external_load,5.044267707082832
24.4,1735.8,14.431372549019608,14.112,0.5830927601809955,0.25546685211666686,6.777777777777777,159.0,1.0,-0.3981481481481488,6.777777777777777,13.285039999999999,1.1463325490196095,False,non_analyzed,0.32752358543417415
21.5,1557.5,1.8300653594771241,13.873333333333333,0.07239630467571644,0.261894324277778,5.972222222222222,160.0,1.0,-0.47839506172839386,5.972222222222222,12.563374999999999,-10.733309640522874,False,non_analyzed,-3.06665989729225
19.833333333333332,1458.1666666666667,44.31372549019608,13.453333333333333,1.735224358974359,0.26739262390740753,5.509259259259259,161.0,1.0,-0.31481481481481577,5.509259259259259,12.160041666666666,32.15368382352941,False,non_analyzed,9.186766806722689
21.0,1535.1666666666667,71.37254901960785,12.530000000000001,2.5740780542986426,0.2728922872777779,5.833333333333333,162.0,1.0,0.13888888888888928,5.833333333333333,12.4415,58.93104901960785,False,non_analyzed,12.0
23.0,1664.4,78.90196078431373,14.87,3.3678800904977377,0.27948886985555565,6.388888888888888,163.0,1.0,0.40432098765432034,6.388888888888888,12.9335,65.96846078431373,False,non_analyzed,12.0
24.2,1755.8,62.98039215686274,15.506,2.8156493212669687,0.28580211461111127,6.722222222222221,164.0,1.0,0.3888888888888893,6.722222222222221,13.23446,49.74593215686274,False,non_analyzed,12.0
25.2,1811.2,76.0,15.23,3.331975113122172,0.2925602966611113,7.0,165.0,1.0,0.23148148148148096,7.0,13.48856,62.51144,True,strong_uphill_or_external_load,12.0
25.5,1851.0,54.31372549019608,15.813333333333333,2.464000754147813,0.2991905114259261,7.083333333333333,166.0,1.0,0.1512345679012359,7.083333333333333,13.565375,40.748350490196074,True,strong_uphill_or_external_load,11.642385854341736
25.833333333333332,1855.1666666666667,56.60130718954249,15.841666666666667,2.5749528657616896,0.306403101277778,7.175925925925926,167.0,1.0,0.07407407407407351,7.175925925925926,13.651041666666664,42.950265522875824,True,strong_uphill_or_external_load,12.0
26.0,1866.2,50.352941176470594,15.424000000000001,2.2393099547511315,0.3132829152000002,7.222222222222222,168.0,1.0,0.06172839506172867,7.222222222222222,13.693999999999999,36.65894117647059,True,strong_uphill_or_external_load,10.473983193277311
26.166666666666668,1887.1666666666667,68.10457516339869,15.786666666666667,3.119822775263952,0.3208309001712965,7.268518518518519,169.0,1.0,0.12345679012345734,7.268518518518519,13.737041666666668,54.36753349673202,True,strong_uphill_or_external_load,12.0
27.166666666666668,1949.8333333333333,66.47058823529412,19.465,3.7362575414781296,0.32818131911574094,7.546296296296297,170.0,1.0,0.18518518518518512,7.546296296296297,13.997041666666668,52.47354656862745,True,strong_uphill_or_external_load,12.0
28.0,1464.6,78.4313725490196,11.75,2.6010588235294123,0.33650823086111126,7.777777777777778,171.0,1.0,0.26234567901234485,7.777777777777778,14.216,64.2153725490196,True,strong_uphill_or_external_load,12.0
29.0,1311.5,73.23529411764706,13.3625,2.781306561085973,0.3438579714930557,8.055555555555555,172.0,1.0,0.2160493827160499,8.055555555555555,14.481499999999999,58.75379411764706,True,strong_uphill_or_external_load,12.0
29.5,1349.6666666666667,76.40522875816993,10.788333333333334,2.402860105580694,0.35216162502777787,8.194444444444445,173.0,1.0,0.18518518518518512,8.194444444444445,14.615374999999998,61.789853758169926,True,strong_uphill_or_external_load,12.0
30.0,1379.8333333333333,80.45751633986929,12.546666666666667,2.907635746606335,0.36039633108333335,8.333333333333334,174.0,1.0,0.09259259259259345,8.333333333333334,14.749999999999998,65.70751633986929,True,strong_uphill_or_external_load,12.0
30.0,1367.857142857143,57.53501400560224,11.172857142857143,1.860255332902392,0.36923308130158733,8.333333333333334,175.0,1.0,0.046296296296295836,8.333333333333334,14.749999999999998,42.78501400560224,True,strong_uphill_or_external_load,12.0
30.0,1351.5,68.23529411764706,11.515,2.2706645927601814,0.37711835094444446,8.333333333333334,176.0,1.0,-0.07936507936507908,8.333333333333334,14.749999999999998,53.48529411764706,True,strong_uphill_or_external_load,12.0
29.142857142857142,1323.0,66.21848739495799,9.537142857142857,1.8219376212023273,0.385564704170635,8.095238095238095,177.0,1.0,-0.16666666666666785,8.095238095238095,14.519673469387754,51.698813925570235,True,strong_uphill_or_external_load,12.0
28.2,1283.6,63.76470588235294,9.322,1.7145746606334842,0.39367609410000004,7.833333333333333,178.0,1.0,-0.18518518518518512,7.833333333333333,14.26886,49.49584588235294,True,strong_uphill_or_external_load,12.0
28.0,1277.3333333333333,80.58823529411765,10.515,2.4502846907993967,0.40080288922222224,7.777777777777778,179.0,1.0,-0.04409171075837737,7.777777777777778,14.216,66.37223529411766,True,strong_uphill_or_external_load,12.0
28.666666666666668,1314.6666666666667,75.68627450980392,12.971666666666666,2.8136990950226246,0.40984919043518525,7.962962962962963,180.0,1.0,0.0740740740740744,7.962962962962963,14.392666666666667,61.29360784313725,True,strong_uphill_or_external_load,12.0
29.0,1341.8,71.84313725490196,11.78,2.4300972850678733,0.41728121341666674,8.055555555555555,181.0,1.0,0.20370370370370328,8.055555555555555,14.481499999999999,57.361637254901964,True,strong_uphill_or_external_load,12.0
30.2,1390.4,92.39215686274511,12.602,3.356402714932127,0.4258552593666667,8.38888888888889,182.0,1.0,0.2530864197530871,8.38888888888889,14.80406,77.58809686274512,True,strong_uphill_or_external_load,12.0
31.4,1443.8,85.17647058823529,14.11,3.464162895927602,0.43348884883333333,8.722222222222221,183.0,1.0,0.3240740740740726,8.722222222222221,15.130939999999999,70.0455305882353,False,non_analyzed,12.0
32.5,1452.8333333333333,47.77777777777778,13.888333333333334,2.0232107843137257,0.443243887212963,9.027777777777777,184.0,1.0,0.09259259259259345,9.027777777777777,15.434375,32.34340277777778,False,non_analyzed,9.240972222222224
31.2,1378.2,3.215686274509804,10.256,0.06730769230769228,0.45207243047222223,8.666666666666666,185.0,1.0,-0.23765432098765515,8.666666666666666,15.07616,-11.860473725490195,False,non_analyzed,-3.388706778711484
28.833333333333332,1279.8333333333333,0.0,10.209999999999999,0.0,0.4598980575740741,8.00925925925926,186.0,1.0,-0.5648148148148149,8.00925925925926,14.437041666666666,-14.437041666666666,False,non_analyzed,-4.124869047619048
26.4,1221.2,44.31372549019608,10.24,1.3921945701357468,0.4670486284333334,7.333333333333333,187.0,1.0,-0.37566137566137403,7.333333333333333,13.797439999999998,30.51628549019608,False,non_analyzed,8.718938711484594
27.142857142857142,1265.0,92.60504201680672,12.154285714285715,3.2640966386554626,0.47519283580555566,7.5396825396825395,188.0,1.0,0.0339506172839501,7.5396825396825395,13.990816326530613,78.6142256902761,False,non_analyzed,12.0
29.2,1360.8,89.72549019607844,17.874000000000002,4.60314705882353,0.48350634638333334,8.11111111111111,189.0,1.0,0.4567901234567895,8.11111111111111,14.53496,75.19053019607844,False,non_analyzed,12.0
31.333333333333332,1444.3333333333333,66.40522875816994,18.543333333333333,3.5546907993966825,0.491566257962963,8.703703703703702,190.0,1.0,0.4497354497354493,8.703703703703702,15.112666666666668,51.29256209150327,False,non_analyzed,12.0
32.0,1445.8333333333333,44.575163398692816,12.681666666666667,1.6099472096530922,0.5007885893703704,8.88888888888889,191.0,1.0,0.20370370370370416,8.88888888888889,15.296,29.279163398692816,True,strong_uphill_or_external_load,8.365475256769376
31.4,1416.0,56.94117647058823,10.452,1.7241131221719457,0.5090575893888888,8.722222222222221,192.0,1.0,-0.03086419753086389,8.722222222222221,15.130939999999999,41.81023647058824,True,strong_uphill_or_external_load,11.945781848739497
31.0,1404.0,73.09803921568627,10.76,2.270866515837104,0.518315667661111,8.61111111111111,193.0,1.0,-0.07716049382715973,8.61111111111111,15.0215,58.07653921568627,True,strong_uphill_or_external_load,12.0
31.166666666666668,1428.3333333333333,93.33333333333333,11.755,3.1669890648567125,0.526135493773148,8.657407407407408,194.0,1.0,0.0709876543209873,8.657407407407408,15.067041666666666,78.26629166666666,True,strong_uphill_or_external_load,12.0
32.166666666666664,1461.3333333333333,80.98039215686275,13.916666666666666,3.2510897435897435,0.5348975731574074,8.935185185185185,195.0,1.0,0.18518518518518512,8.935185185185185,15.342041666666665,65.63835049019609,True,strong_uphill_or_external_load,12.0
33.0,1489.8333333333333,61.372549019607845,14.293333333333335,2.553565233785822,0.5440874179166666,9.166666666666666,196.0,1.0,0.03086419753086389,9.166666666666666,15.5735,45.79904901960785,True,strong_uphill_or_external_load,12.0
31.5,1380.8333333333333,3.9869281045751634,10.503333333333332,0.08211915535444948,0.5538079629814815,8.75,197.0,1.0,-0.31172839506172956,8.75,15.158375,-11.171446895424836,False,non_analyzed,-3.1918419701213816
28.8,1283.6,25.803921568627448,10.43,0.7658552036199096,0.5614991589611111,8.0,198.0,1.0,-0.4629629629629619,8.0,14.428160000000002,11.375761568627446,False,non_analyzed,3.2502175910364133
28.0,1290.8333333333333,83.98692810457517,10.173333333333334,2.4757390648567124,0.5694606125648151,7.777777777777778,199.0,1.0,-0.3240740740740735,7.777777777777778,14.216,69.77092810457518,False,non_analyzed,12.0
28.0,1311.6,97.41176470588235,13.562000000000001,3.807468325791856,0.5775976723166669,7.777777777777778,200.0,1.0,0.033950617283949214,7.777777777777778,14.216,83.19576470588235,False,non_analyzed,12.0
29.166666666666668,1358.1666666666667,87.97385620915031,16.993333333333336,4.308782051282051,0.5854796527314817,8.101851851851851,201.0,1.0,0.22222222222222232,8.101851851851851,14.526041666666668,73.44781454248364,False,non_analyzed,12.0
30.4,1409.8,88.86274509803921,17.168,4.401214932126697,0.5938333999833336,8.444444444444445,202.0,1.0,0.3395061728395081,8.444444444444445,14.858239999999999,74.00450509803922,False,non_analyzed,12.0
31.666666666666668,1484.3333333333333,93.59477124183007,20.031666666666666,5.402138009049775,0.6021425018981482,8.796296296296296,203.0,1.0,0.37345679012345556,8.796296296296296,15.204166666666666,78.39060457516341,False,non_analyzed,12.0
33.2,1549.4,83.84313725490196,23.945999999999998,5.790762443438915,0.6115611130055556,9.222222222222223,204.0,1.0,0.41049382716049365,9.222222222222223,15.629359999999998,68.21377725490197,False,non_analyzed,12.0
34.833333333333336,1596.8333333333333,81.69934640522875,24.17833333333333,5.698220211161388,0.6204802141342592,9.675925925925926,205.0,1.0,0.4382716049382722,9.675925925925926,16.090041666666668,65.60930473856209,False,non_analyzed,12.0
36.4,1631.2,69.80392156862744,22.75,4.596628959276019,0.6305118467333334,10.11111111111111,206.0,1.0,0.2592592592592595,10.11111111111111,16.53944,53.264481568627446,False,non_analyzed,12.0
36.0,1592.4,28.313725490196077,15.854,1.3929117647058824,0.6392517856888891,10.0,207.0,1.0,-0.22530864197530853,10.0,16.424,11.889725490196078,False,non_analyzed,3.3970644257703078
32.4,1465.8,44.3921568627451,14.222,1.8813823529411766,0.6492285322888891,9.0,208.0,1.0,-0.5370370370370381,9.0,15.406640000000001,28.985516862745094,False,non_analyzed,8.281576246498599
30.6,1409.6,75.84313725490196,13.725999999999999,2.999316742081448,0.6576532289722226,8.5,209.0,1.0,-0.663580246913579,8.5,14.91254,60.93059725490196,False,non_analyzed,12.0
28.833333333333332,1380.0,79.01960784313725,12.791666666666666,2.8926018099547512,0.6661866230277781,8.00925925925926,210.0,1.0,-0.3919753086419764,8.00925925925926,14.437041666666666,64.58256617647058,False,non_analyzed,12.0
28.166666666666668,1950.0,84.2483660130719,31.054999999999996,7.281251885369534,0.6744322776435189,7.824074074074074,211.0,1.0,0.03703703703703631,7.824074074074074,14.260041666666668,69.98832434640524,False,non_analyzed,12.0
31.0,2215.1666666666665,63.921568627450974,35.833333333333336,6.606300904977377,0.6832764530694448,8.61111111111111,212.0,1.0,0.4413580246913593,8.61111111111111,15.0215,48.90006862745098,False,non_analyzed,12.0
33.6,2385.6,60.07843137254902,37.668,6.522694570135746,0.6921262004277782,9.333333333333334,213.0,1.0,0.6327160493827151,9.333333333333334,15.74144,44.33699137254902,False,non_analyzed,12.0
35.0,2489.8,50.50980392156863,34.7,5.061723981900452,0.7006925793888893,9.722222222222221,214.0,1.0,0.3549382716049383,9.722222222222221,16.1375,34.37230392156863,False,non_analyzed,9.820658263305322
34.833333333333336,2478.8333333333335,34.77124183006536,27.746666666666666,2.9221153846153847,0.7105986396759265,9.675925925925926,215.0,1.0,-0.14814814814814703,9.675925925925926,16.090041666666668,18.68120016339869,False,non_analyzed,5.337485760971054
32.0,2248.6,0.392156862745098,21.844,0.025599547511312222,0.7195122284166672,8.88888888888889,216.0,1.0,-0.7253086419753085,8.88888888888889,15.296,-14.903843137254901,False,non_analyzed,-4.258240896358543
27.166666666666668,1976.0,12.026143790849673,19.096666666666668,0.6373642533936651,0.7278105759953709,7.546296296296297,217.0,1.0,-0.9104938271604945,7.546296296296297,13.997041666666668,-1.9708978758169948,False,non_analyzed,-0.5631136788048556
25.0,1793.8333333333333,57.51633986928105,16.393333333333334,2.6822737556561087,0.7356569406620378,6.944444444444445,218.0,1.0,-0.648148148148147,6.944444444444445,13.4375,44.07883986928105,False,non_analyzed,12.0
25.0,1807.0,80.54901960784314,18.162,4.2157760180995485,0.7426908082777787,6.944444444444445,219.0,1.0,-0.07098765432098908,6.944444444444445,13.4375,67.11151960784314,False,non_analyzed,12.0
26.4,1904.2,76.15686274509804,20.253999999999998,4.4506425339366515,0.7495196405833342,7.333333333333333,220.0,1.0,0.31481481481481577,7.333333333333333,13.797439999999998,62.359422745098044,False,non_analyzed,12.0
28.4,2051.6,70.35294117647058,26.753999999999998,5.365798642533937,0.7568651423777787,7.888888888888888,221.0,1.0,0.5555555555555545,7.888888888888888,14.321839999999998,56.031101176470585,False,non_analyzed,12.0
31.0,2232.0,56.7843137254902,27.601999999999997,4.522348416289594,0.7643793391888899,8.61111111111111,222.0,1.0,0.6882716049382731,8.61111111111111,15.0215,41.762813725490204,False,non_analyzed,11.932232492997201
33.833333333333336,2228.8333333333335,48.43137254901961,25.123333333333335,3.529700226244344,0.7737870958333343,9.398148148148149,223.0,1.0,0.648148148148147,9.398148148148149,15.807041666666667,32.62433088235295,False,non_analyzed,9.321237394957986
35.4,1594.6,56.7843137254902,14.418000000000001,2.3671855203619914,0.7836295758777787,9.833333333333332,224.0,1.0,0.4629629629629637,9.833333333333332,16.251739999999998,40.5325737254902,False,non_analyzed,11.580735350140058
36.0,1582.0,26.274509803921564,14.516666666666666,1.0924302413273004,0.7937731551111121,10.0,225.0,1.0,0.20061728395061706,10.0,16.424,9.850509803921565,True,transition_load,2.8144313725490187
36.0,1571.5,21.568627450980397,11.578333333333333,0.7239988687782807,0.8046032167777787,10.0,226.0,1.0,-0.006172839506172423,10.0,16.424,5.144627450980398,True,transition_load,1.4698935574229708
35.333333333333336,1549.5,1.3071895424836601,13.975,0.05167420814479639,0.8148954293564823,9.814814814814815,227.0,1.0,-0.15432098765432123,9.814814814814815,16.232666666666667,-14.925477124183006,True,downhill_or_coast_possible,-4.264422035480859
34.333333333333336,1509.0,0.0,14.046666666666667,0.0,0.8240219855740749,9.537037037037038,228.0,1.0,-0.29100529100529116,9.537037037037038,15.948166666666667,-15.948166666666667,True,downhill_or_coast_possible,-4.556619047619048
32.857142857142854,1445.0,0.0,13.414285714285715,0.0,0.8328669829920642,9.126984126984127,229.0,1.0,-0.567901234567902,9.126984126984127,15.533673469387754,-15.533673469387754,False,non_analyzed,-4.438192419825072
29.2,1415.2,21.725490196078432,13.418000000000001,0.863866515837104,0.8417786845166674,8.11111111111111,230.0,1.0,-0.8271604938271615,8.11111111111111,14.53496,7.1905301960784325,False,non_analyzed,2.054437198879552
25.4,1798.8,0.8627450980392156,16.518,0.04305429864253394,0.8494144958888896,7.055555555555555,231.0,1.0,-0.8730158730158717,7.055555555555555,13.539739999999998,-12.676994901960782,False,non_analyzed,-3.6219985434173663
23.428571428571427,1690.5714285714287,0.0,15.39,0.0,0.8556193633809529,6.507936507936507,232.0,1.0,-0.5895061728395063,6.507936507936507,13.040489795918367,-13.040489795918367,False,non_analyzed,-3.7258542274052475
22.833333333333332,1614.0,0.0,14.753333333333332,0.0,0.8621829123287043,6.342592592592592,233.0,1.0,-0.27777777777777857,6.342592592592592,12.892041666666666,-12.892041666666666,False,non_analyzed,-3.683440476190476
22.4,1625.4,37.64705882352941,15.862,1.7563823529411766,0.8690003670111116,6.222222222222221,234.0,1.0,0.10846560846561015,6.222222222222221,12.78464,24.862418823529413,False,non_analyzed,7.103548235294118
24.6,1759.8,51.84313725490197,14.518,2.171608597285068,0.8750467737444451,6.833333333333334,235.0,1.0,0.34876543209876587,6.833333333333334,13.335740000000001,38.50739725490197,False,non_analyzed,11.002113501400562
26.6,1891.2,33.09803921568628,15.386000000000001,1.4510520361990953,0.8821598027388895,7.388888888888889,236.0,1.0,0.4567901234567895,7.388888888888889,13.84934,19.24869921568628,False,non_analyzed,5.499628347338937
27.333333333333332,1935.1666666666667,27.58169934640523,16.226666666666667,1.3278789592760183,0.8894330675694452,7.592592592592592,237.0,1.0,0.37037037037036935,7.592592592592592,14.040666666666667,13.541032679738564,False,non_analyzed,3.868866479925304
28.6,1968.6,32.94117647058824,17.0,1.7197466063348414,0.897535310133334,7.944444444444445,238.0,1.0,0.4259259259259256,7.944444444444445,14.37494,18.566236470588237,False,non_analyzed,5.304638991596639
31.2,1454.8,77.09803921568627,12.85,2.8476538461538468,0.9052298305444453,8.666666666666666,239.0,1.0,0.7407407407407405,8.666666666666666,15.07616,62.02187921568627,False,non_analyzed,12.0
35.333333333333336,1592.3333333333333,80.52287581699346,14.226666666666667,3.3060576923076925,0.9156580328333342,9.814814814814815,240.0,1.0,0.893518518518519,9.814814814814815,16.232666666666667,64.2902091503268,False,non_analyzed,12.0
38.25,1717.0,76.86274509803921,16.0975,3.568634049773756,0.9261819937777787,10.625,241.0,1.0,0.9074074074074083,10.625,17.07959375,59.78315134803921,False,non_analyzed,12.0
41.0,1815.3333333333333,73.20261437908498,17.040000000000003,3.5944815233785827,0.9358142141250009,11.38888888888889,242.0,1.0,0.7098765432098748,11.38888888888889,17.9015,55.30111437908498,False,non_analyzed,12.0
43.0,1622.3333333333333,37.450980392156865,15.406666666666666,1.6814705882352943,0.9481859819814824,11.944444444444445,243.0,1.0,0.5015432098765444,11.944444444444445,18.513499999999997,18.937480392156868,False,non_analyzed,5.41070868347339
43.666666666666664,1403.8333333333333,30.32679738562091,10.125,0.8893325791855204,0.9608111112129638,12.129629629629628,244.0,1.0,0.24074074074074048,12.129629629629628,18.720166666666664,11.606630718954246,True,mild_uphill_or_external_load,3.316180205415499
43.6,1406.2,36.549019607843135,10.290000000000001,1.0857307692307692,0.9731795593388897,12.11111111111111,245.0,1.0,0.0740740740740744,12.11111111111111,18.69944,17.849579607843136,True,strong_uphill_or_external_load,5.099879887955182
43.8,1395.8,20.627450980392158,10.998000000000001,0.6364298642533937,0.9842229339611119,12.166666666666666,246.0,1.0,-0.2098765432098766,12.166666666666666,18.76166,1.865790980392159,True,normal_load,0.5330831372549026
41.4,1484.4,21.098039215686278,13.868,0.8188733031674209,0.9972182107611118,11.5,247.0,1.0,-0.2962962962962976,11.5,18.02294,3.0750992156862793,True,normal_load,0.8785997759103655
40.4,1762.4,4.941176470588235,16.328,0.2426289592760181,1.007014454700001,11.222222222222221,248.0,1.0,-0.3518518518518512,11.222222222222221,17.720239999999997,-12.779063529411761,False,non_analyzed,-3.6511610084033603
40.0,1741.1666666666667,15.098039215686276,15.773333333333333,0.69875,1.018831565935186,11.11111111111111,249.0,1.0,-0.2777777777777768,11.11111111111111,17.6,-2.5019607843137255,False,non_analyzed,-0.7148459383753502
38.4,1694.8,0.4705882352941176,15.484,0.02131221719457012,1.0296361613222231,10.666666666666666,250.0,1.0,-0.4382716049382722,10.666666666666666,17.123839999999998,-16.65325176470588,False,non_analyzed,-4.758071932773109
35.666666666666664,1574.3333333333333,0.0,14.066666666666668,0.0,1.037637247611112,9.907407407407407,251.0,1.0,-0.40123456790123413,9.907407407407407,16.328166666666664,-16.328166666666664,False,non_analyzed,-4.665190476190475
35.666666666666664,1574.3333333333333,0.0,14.066666666666668,0.0,1.037637247611112,9.907407407407407,252.0,1.0,-0.2530864197530871,9.907407407407407,16.328166666666664,-16.328166666666664,False,non_analyzed,-4.665190476190475
