순위,브랜드,모델명,세그먼트,차체유형,파워트레인유형,연료유종,최저가(만원),최고가(만원),정격효율,효율단위,baseEffCoeff,regenBonus,accelPenalty,finalEffCoeff,예상실효율,월주행거리(km),예상월비용(원),효율점수,월비용점수,회생점수,토크응답점수,컴포트점수,고속순항점수,총점,최대출력(hp),출력판정,ACC탑재,회생제동조절
1,현대,아이오닉 6 SR,중형,세단,BEV,전기,4595,4595,7.3,km/kWh,1.154102564102564,0.17453822164293933,0.0,1.3286407857455034,9.699077735942174,31.12911742833336,1039.8755759431249,35.0,19.930674961603792,10.0,12.75,0.0,9.0,86.68067496160378,151,출력 여유 부족 가능,O,O
2,현대,아이오닉 6 LR,중형,세단,BEV,전기,5295,5295,6.3,km/kWh,1.154102564102564,0.17453822164293933,0.0,1.3286407857455034,8.370436950196671,31.12911742833336,1204.9351911721924,35.0,19.919670987255188,10.0,12.75,0.0,9.0,86.66967098725519,225,출력 여유 충분,O,O
3,현대,아이오닉 5 SR,중형,SUV,BEV,전기,4695,4695,6.2,km/kWh,1.154102564102564,0.17453822164293933,0.0,1.3286407857455034,8.23757287162212,31.12911742833336,1224.3696297394858,35.0,19.918375358017368,10.0,12.75,0.0,9.0,86.66837535801737,170,출력 하한 근접,O,O
4,기아,EV6 SR,중형,SUV,BEV,전기,4690,4690,6.0,km/kWh,1.154102564102564,0.17453822164293933,0.0,1.3286407857455034,7.97184471447302,31.12911742833336,1265.1819507308019,35.0,19.915654536617946,10.0,12.75,0.0,9.0,86.66565453661795,170,출력 하한 근접,O,O
5,현대,캐스퍼 일렉트릭,경차,SUV,BEV,전기,2280,2780,5.8,km/kWh,1.154102564102564,0.17453822164293933,0.0,1.3286407857455034,7.706116557323919,31.12911742833336,1308.8089145491056,35.0,19.91274607236339,10.0,12.75,0.0,9.0,86.66274607236339,113,출력 여유 부족 가능,O,O
6,기아,EV3 SR,소형,SUV,BEV,전기,3740,3740,5.8,km/kWh,1.154102564102564,0.17453822164293933,0.0,1.3286407857455034,7.706116557323919,31.12911742833336,1308.8089145491056,35.0,19.91274607236339,10.0,12.75,0.0,9.0,86.66274607236339,204,출력 여유 충분,O,O
7,현대,코나 일렉트릭,소형,SUV,BEV,전기,3955,4570,5.6,km/kWh,1.154102564102564,0.17453822164293933,0.0,1.3286407857455034,7.440388400174818,31.12911742833336,1355.5520900687166,35.0,19.909629860662086,10.0,12.75,0.0,9.0,86.65962986066208,218,출력 여유 충분,O,O
8,현대,아이오닉 6 LR AWD,중형,세단,BEV,전기,5795,5795,5.6,km/kWh,1.154102564102564,0.17453822164293933,0.0,1.3286407857455034,7.440388400174818,31.12911742833336,1355.5520900687166,35.0,19.909629860662086,10.0,12.75,0.0,9.0,86.65962986066208,325,출력 여유 충분,O,O
9,현대,아이오닉 5 LR,중형,SUV,BEV,전기,5295,5295,5.5,km/kWh,1.154102564102564,0.17453822164293933,0.0,1.3286407857455034,7.307524321600269,31.12911742833336,1380.1984917063292,35.0,19.90798676721958,10.0,12.75,0.0,9.0,86.65798676721958,225,출력 여유 충분,O,O
10,기아,EV6 LR,중형,SUV,BEV,전기,5290,5290,5.4,km/kWh,1.154102564102564,0.17453822164293933,0.0,1.3286407857455034,7.174660243025719,31.12911742833336,1405.7577230342242,35.0,19.906282818464383,10.0,12.75,0.0,9.0,86.65628281846438,229,출력 여유 충분,O,O
11,기아,니로 EV,소형,SUV,BEV,전기,4580,5030,5.3,km/kWh,1.154102564102564,0.17453822164293933,0.0,1.3286407857455034,7.041796164451168,31.12911742833336,1432.2814536575115,35.0,19.904514569756167,10.0,12.75,0.0,9.0,86.65451456975617,204,출력 여유 충분,O,O
12,기아,EV3 LR,소형,SUV,BEV,전기,4240,4790,5.2,km/kWh,1.154102564102564,0.17453822164293933,0.0,1.3286407857455034,6.908932085876618,31.12911742833336,1459.8253277663098,35.0,19.902678311482248,10.0,12.75,0.0,9.0,86.65267831148225,204,출력 여유 충분,O,O
13,기아,레이 EV,경차,MPV,BEV,전기,2295,2795,5.1,km/kWh,1.154102564102564,0.17453822164293933,0.0,1.3286407857455034,6.776068007302067,31.12911742833336,1488.4493538009435,35.0,19.900770043079937,10.0,12.75,0.0,9.0,86.65077004307994,67,출력 여유 부족 가능,O,O
14,현대,아이오닉 5 LR AWD,중형,SUV,BEV,전기,5795,5795,5.1,km/kWh,1.154102564102564,0.17453822164293933,0.0,1.3286407857455034,6.776068007302067,31.12911742833336,1488.4493538009435,35.0,19.900770043079937,10.0,12.75,0.0,9.0,86.65077004307994,325,출력 여유 충분,O,O
15,제네시스,GV60,소형,SUV,BEV,전기,5990,7490,5.0,km/kWh,1.154102564102564,0.17453822164293933,0.0,1.3286407857455034,6.643203928727517,31.12911742833336,1518.2183408769622,35.0,19.898785443941534,10.0,12.75,0.0,9.0,86.64878544394153,234,출력 여유 충분,O,O
16,기아,EV5 SR,준중형,SUV,BEV,전기,4490,4490,5.0,km/kWh,1.154102564102564,0.17453822164293933,0.0,1.3286407857455034,6.643203928727517,31.12911742833336,1518.2183408769622,35.0,19.898785443941534,10.0,12.75,0.0,9.0,86.64878544394153,218,출력 여유 충분,O,O
17,기아,EV6 LR AWD,중형,SUV,BEV,전기,5790,5790,4.9,km/kWh,1.154102564102564,0.17453822164293933,0.0,1.3286407857455034,6.510339850152967,31.12911742833336,1549.2023886499614,35.0,19.89671984075667,10.0,12.75,0.0,9.0,86.64671984075667,325,출력 여유 충분,O,O
18,현대,아이오닉 9 LR,대형,SUV,BEV,전기,6735,6735,4.8,km/kWh,1.154102564102564,0.17453822164293933,0.0,1.3286407857455034,6.377475771578416,31.12911742833336,1581.4774384135026,35.0,19.894568170772434,10.0,12.75,0.0,9.0,86.64456817077243,218,출력 여유 충분,O,O
19,기아,EV5 LR,준중형,SUV,BEV,전기,4990,5490,4.6,km/kWh,1.154102564102564,0.17453822164293933,0.0,1.3286407857455034,6.111747614429315,31.12911742833336,1650.2373270401768,35.0,19.889984178197324,10.0,12.75,0.0,9.0,86.63998417819732,218,출력 여유 충분,O,O
20,기아,EV9 LR,대형,SUV,BEV,전기,7100,7100,4.6,km/kWh,1.154102564102564,0.17453822164293933,0.0,1.3286407857455034,6.111747614429315,31.12911742833336,1650.2373270401768,35.0,19.889984178197324,10.0,12.75,0.0,9.0,86.63998417819732,218,출력 여유 충분,O,O
21,제네시스,G80 e,대형,세단,BEV,전기,7896,8760,4.4,km/kWh,1.154102564102564,0.17453822164293933,0.0,1.3286407857455034,5.8460194572802155,31.12911742833336,1725.2481146329114,35.0,19.884983459024472,10.0,12.75,0.0,9.0,86.63498345902447,272,출력 여유 충분,O,O
22,현대,아이오닉 9 LR AWD,대형,SUV,BEV,전기,7235,7235,4.3,km/kWh,1.154102564102564,0.17453822164293933,0.0,1.3286407857455034,5.713155378705665,31.12911742833336,1765.3701638104212,35.0,19.882308655745973,10.0,12.75,0.0,9.0,86.63230865574597,308,출력 여유 충분,O,O
23,제네시스,GV70 e,준중형,SUV,BEV,전기,7410,8560,4.2,km/kWh,1.154102564102564,0.17453822164293933,0.0,1.3286407857455034,5.5802913001311145,31.12911742833336,1807.4027867582881,35.0,19.87950648088278,10.0,12.75,0.0,9.0,86.62950648088278,272,출력 여유 충분,O,O
24,기아,EV9 LR AWD,대형,SUV,BEV,전기,7700,7700,4.1,km/kWh,1.154102564102564,0.17453822164293933,0.0,1.3286407857455034,5.447427221556564,31.12911742833336,1851.4857815572711,35.0,19.87656761456285,10.0,12.75,0.0,9.0,86.62656761456284,384,출력 여유 충분,O,O
25,현대,아이오닉 5 N,중형,SUV,BEV,전기,7350,7350,4.0,km/kWh,1.154102564102564,0.17453822164293933,0.0,1.3286407857455034,5.3145631429820135,31.12911742833336,1897.7729260962028,35.0,19.87348180492692,10.0,12.75,0.0,9.0,86.62348180492693,650,출력 여유 충분,O,O
26,기아,EV6 GT,중형,SUV,BEV,전기,7190,7190,4.0,km/kWh,1.154102564102564,0.17453822164293933,0.0,1.3286407857455034,5.3145631429820135,31.12911742833336,1897.7729260962028,35.0,19.87348180492692,10.0,12.75,0.0,9.0,86.62348180492693,585,출력 여유 충분,O,O
27,제네시스,GV80 e,대형,SUV,BEV,전기,8960,10500,3.9,km/kWh,1.154102564102564,0.17453822164293933,0.0,1.3286407857455034,5.181699064407463,31.12911742833336,1946.4337703550798,35.0,19.870237748642992,10.0,12.75,0.0,9.0,86.62023774864299,272,출력 여유 충분,O,O
28,제네시스,G90 e,대형,세단,BEV,전기,10320,12500,3.8,km/kWh,1.154102564102564,0.17453822164293933,0.0,1.3286407857455034,5.0488349858329125,31.12911742833336,1997.6557116802137,35.0,19.866822952554653,10.0,12.75,0.0,9.0,86.61682295255466,408,출력 여유 충분,O,O
29,기아,EV9 GT,대형,SUV,BEV,전기,8500,8500,3.8,km/kWh,1.154102564102564,0.17453822164293933,0.0,1.3286407857455034,5.0488349858329125,31.12911742833336,1997.6557116802137,35.0,19.866822952554653,10.0,12.75,0.0,9.0,86.61682295255466,501,출력 여유 충분,O,O
30,제네시스,GV90,대형,SUV,BEV,전기,9500,13000,3.6,km/kWh,1.154102564102564,0.17453822164293933,0.0,1.3286407857455034,4.783106828683812,31.12911742833336,2108.6365845513365,35.0,19.85942422769658,10.0,12.75,0.0,9.0,86.60942422769658,408,출력 여유 충분,O,O
31,기아,니로 PHEV,소형,SUV,PHEV,휘발유+전기,3590,4150,17.1,km/L,1.1067179487179486,0.155145085904835,0.0,1.2618630346227837,21.577857892049604,31.12911742833336,2380.358792504368,35.0,19.84130941383304,10.0,9.75,0.0,8.0,82.59130941383305,183,출력 하한 근접,O,O
32,기아,스포티지 PHEV,준중형,SUV,PHEV,휘발유+전기,4190,4790,14.3,km/L,1.1067179487179486,0.155145085904835,0.0,1.2618630346227837,18.044641395105806,31.12911742833336,2846.4430315961326,35.0,19.810237131226923,10.0,9.75,0.0,8.0,82.56023713122693,265,출력 여유 충분,O,O
33,기아,쏘렌토 PHEV,중형,SUV,PHEV,휘발유+전기,4790,5520,12.8,km/L,1.1067179487179486,0.155145085904835,0.0,1.2618630346227837,16.151846843171633,31.12911742833336,3180.010574361304,35.0,19.78799929504258,10.0,9.75,0.0,8.0,82.53799929504258,265,출력 여유 충분,O,O
34,현대,아반떼 HEV,준중형,세단,병렬HEV,휘발유,2523,3184,21.6,km/L,1.0733333333333335,0.13575195016673058,0.0,1.209085283500064,26.116242123601385,31.12911742833336,1966.7088210341328,35.0,19.868886078597725,10.0,9.0,0.0,8.0,81.86888607859773,150,출력 여유 부족 가능,O,X
35,기아,니로 HEV,소형,SUV,병렬HEV,휘발유,2930,3590,20.8,km/L,1.0733333333333335,0.13575195016673058,0.0,1.209085283500064,25.148973896801333,31.12911742833336,2042.3514679969844,35.0,19.863843235466867,10.0,9.0,0.0,8.0,81.86384323546687,141,출력 여유 부족 가능,O,O
36,현대,코나 HEV,소형,SUV,병렬HEV,휘발유,2859,3473,20.2,km/L,1.0733333333333335,0.13575195016673058,0.0,1.209085283500064,24.423522726701293,31.12911742833336,2103.0153729869935,35.0,19.8597989751342,10.0,9.0,0.0,8.0,81.8597989751342,141,출력 여유 부족 가능,O,O
37,현대,쏘나타 HEV,중형,세단,병렬HEV,휘발유,3270,3979,19.7,km/L,1.0733333333333335,0.13575195016673058,0.0,1.209085283500064,23.81898008495126,31.12911742833336,2156.3913976820954,35.0,19.85624057348786,10.0,9.0,0.0,8.0,81.85624057348787,195,출력 하한 근접,O,O
38,기아,K5 HEV,중형,세단,병렬HEV,휘발유,3241,3868,19.4,km/L,1.0733333333333335,0.13575195016673058,0.0,1.209085283500064,23.45625449990124,31.12911742833336,2189.737656409138,35.0,19.854017489572723,10.0,9.0,0.0,8.0,81.85401748957273,195,출력 하한 근접,O,O
39,기아,셀토스 HEV,소형,SUV,병렬HEV,휘발유,2898,3901,17.8,km/L,1.0733333333333335,0.13575195016673058,0.0,1.209085283500064,21.521718046301142,31.12911742833336,2386.5680075470377,35.0,19.84089546616353,10.0,9.0,0.0,8.0,81.84089546616353,230,출력 여유 충분,O,O
40,현대,그랜저 HEV,대형,세단,병렬HEV,휘발유,4096,5513,17.1,km/L,1.0733333333333335,0.13575195016673058,0.0,1.209085283500064,20.6753583478511,31.12911742833336,2484.263773937852,35.0,19.83438241507081,10.0,9.0,0.0,8.0,81.8343824150708,230,출력 여유 충분,O,O
41,기아,K8 HEV,대형,세단,병렬HEV,휘발유,4206,5052,17.0,km/L,1.0733333333333335,0.13575195016673058,0.0,1.209085283500064,20.554449819501087,31.12911742833336,2498.877090255134,35.0,19.83340819398299,10.0,9.0,0.0,8.0,81.83340819398299,230,출력 여유 충분,O,O
42,현대,투싼 HEV,준중형,SUV,병렬HEV,휘발유,3390,4090,16.2,km/L,1.0733333333333335,0.13575195016673058,0.0,1.209085283500064,19.587181592701036,31.12911742833336,2622.278428045511,35.0,19.8251814381303,10.0,9.0,0.0,8.0,81.8251814381303,230,출력 여유 충분,O,O
43,기아,스포티지 HEV,준중형,SUV,병렬HEV,휘발유,3370,4290,16.0,km/L,1.0733333333333335,0.13575195016673058,0.0,1.209085283500064,19.345364536001025,31.12911742833336,2655.0569083960795,35.0,19.82299620610693,10.0,9.0,0.0,8.0,81.82299620610692,230,출력 여유 충분,O,O
44,기아,카니발 HEV,대형,MPV,병렬HEV,휘발유,4190,5800,14.8,km/L,1.0733333333333335,0.13575195016673058,0.0,1.209085283500064,17.894462195800948,31.12911742833336,2870.3317928606266,35.0,19.808644547142624,10.0,9.0,0.0,8.0,81.80864454714262,230,출력 여유 충분,O,O
45,현대,싼타페 HEV,중형,SUV,병렬HEV,휘발유,3970,5100,14.7,km/L,1.0733333333333335,0.13575195016673058,0.0,1.209085283500064,17.77355366745094,31.12911742833336,2889.8578594787264,35.0,19.807342809368084,10.0,9.0,0.0,8.0,81.80734280936808,230,출력 여유 충분,O,O
46,기아,쏘렌토 HEV,중형,SUV,병렬HEV,휘발유,3990,5120,14.5,km/L,1.0733333333333335,0.13575195016673058,0.0,1.209085283500064,17.53173661075093,31.12911742833336,2929.717967885329,35.0,19.804685468807644,10.0,9.0,0.0,8.0,81.80468546880765,230,출력 여유 충분,O,O
47,현대,팰리세이드 HEV,대형,SUV,병렬HEV,휘발유,4982,6424,14.1,km/L,1.0733333333333335,0.13575195016673058,0.0,1.209085283500064,17.048102497350904,31.12911742833336,3012.830534350161,35.0,19.799144631043323,10.0,9.0,0.0,8.0,81.79914463104332,334,출력 여유 충분,O,O
48,현대,팰리세이드 HEV AWD,대형,SUV,병렬HEV,휘발유,5282,7150,11.4,km/L,1.0733333333333335,0.13575195016673058,0.0,1.209085283500064,13.783572231900731,31.12911742833336,3726.3956609067786,35.0,19.751573622606216,10.0,9.0,0.0,8.0,81.75157362260622,334,출력 여유 충분,O,O
49,기아,쏘렌토 디젤,중형,SUV,디젤,경유,3780,4950,13.5,km/L,0.7323076923076924,0.0,0.0,0.7323076923076924,9.886153846153848,31.12911742833336,4880.5766898608545,25.630769230769236,19.67462822067594,0.0,8.25,0.0,5.0,58.555397451445174,202,출력 여유 충분,O,X
50,기아,카니발 디젤,대형,MPV,디젤,경유,3688,5490,12.5,km/L,0.7323076923076924,0.0,0.0,0.7323076923076924,9.153846153846155,31.12911742833336,5271.022825049724,25.630769230769236,19.64859847833002,0.0,8.25,0.0,5.0,58.529367709099255,202,출력 여유 충분,O,X
51,현대,스타리아 디젤,대형,MPV,디젤,경유,3615,5518,12.4,km/L,0.7323076923076924,0.0,0.0,0.7323076923076924,9.080615384615387,31.12911742833336,5313.531073638834,25.630769230769236,19.645764595090746,0.0,8.25,0.0,5.0,58.526533825859985,177,출력 하한 근접,O,X
52,기아,타스만 디젤,대형,픽업,디젤,경유,3740,5190,11.8,km/L,0.7323076923076924,0.0,0.0,0.7323076923076924,8.641230769230772,31.12911742833336,5583.710619756062,25.630769230769236,19.627752625349594,0.0,8.25,0.0,5.0,58.50852185611883,210,출력 여유 충분,O,X
53,기아,모하비,대형,SUV,디젤,경유,4950,5910,10.0,km/L,0.7323076923076924,0.0,0.0,0.7323076923076924,7.323076923076925,31.12911742833336,6588.778531312154,25.630769230769236,19.560748097912523,0.0,8.25,0.0,5.0,58.441517328681755,260,출력 여유 충분,O,X
54,현대,캐스퍼,경차,SUV,가솔린터보,휘발유,1385,1960,15.1,km/L,0.6341025641025642,0.0,0.0,0.6341025641025642,9.574948717948718,31.12911742833336,5364.315284578753,22.193589743589747,19.642378981028084,0.0,11.25,0.0,5.0,58.08596872461783,100,출력 여유 부족 가능,X,X
55,현대,쏘나타 1.6T,중형,세단,가솔린터보,휘발유,2892,3674,12.5,km/L,0.6341025641025642,0.0,0.0,0.6341025641025642,7.926282051282052,31.12911742833336,6480.092863771132,22.193589743589747,19.567993809081926,0.0,11.25,0.0,5.0,58.011583552671674,180,출력 하한 근접,O,X
56,기아,K5 1.6T,중형,세단,가솔린터보,휘발유,2887,3674,12.5,km/L,0.6341025641025642,0.0,0.0,0.6341025641025642,7.926282051282052,31.12911742833336,6480.092863771132,22.193589743589747,19.567993809081926,0.0,11.25,0.0,5.0,58.011583552671674,180,출력 하한 근접,O,X
57,기아,셀토스 1.6T,소형,SUV,가솔린터보,휘발유,2477,3584,12.3,km/L,0.6341025641025642,0.0,0.0,0.6341025641025642,7.799461538461539,31.12911742833336,6585.460227409688,22.193589743589747,19.56096931817269,0.0,11.25,0.0,5.0,58.004559061762436,195,출력 하한 근접,O,X
58,기아,스포티지 1.6T,준중형,SUV,가솔린터보,휘발유,2970,3850,12.1,km/L,0.6341025641025642,0.0,0.0,0.6341025641025642,7.672641025641026,31.12911742833336,6694.310809680923,22.193589743589747,19.55371261268794,0.0,11.25,0.0,5.0,57.997302356277686,180,출력 하한 근접,O,X
59,현대,투싼 1.6T,준중형,SUV,가솔린터보,휘발유,3060,3927,12.0,km/L,0.6341025641025642,0.0,0.0,0.6341025641025642,7.60923076923077,31.12911742833336,6750.096733094931,22.193589743589747,19.549993551127006,0.0,11.25,0.0,5.0,57.99358329471676,180,출력 하한 근접,O,X
60,제네시스,G70 2.0T,준중형,세단,가솔린터보,휘발유,4210,5090,10.5,km/L,0.6341025641025642,0.0,0.0,0.6341025641025642,6.658076923076924,31.12911742833336,7714.396266394207,22.193589743589747,19.48570691557372,0.0,11.25,0.0,5.0,57.92929665916347,252,출력 여유 충분,O,X
61,현대,아반떼 N,준중형,세단,가솔린터보,휘발유,3309,3309,10.2,km/L,0.6341025641025642,0.0,0.0,0.6341025641025642,6.467846153846154,31.12911742833336,7941.29027422933,22.193589743589747,19.47058064838471,0.0,11.25,0.0,5.0,57.91417039197446,280,출력 여유 충분,O,X
62,제네시스,GV70 2.0T,준중형,SUV,가솔린터보,휘발유,5091,6555,10.0,km/L,0.6341025641025642,0.0,0.0,0.6341025641025642,6.341025641025642,31.12911742833336,8100.116079713916,22.193589743589747,19.459992261352404,0.0,11.25,0.0,5.0,57.90358200494215,252,출력 여유 충분,O,X
63,제네시스,G80 2.5T,대형,세단,가솔린터보,휘발유,5524,7028,10.0,km/L,0.6341025641025642,0.0,0.0,0.6341025641025642,6.341025641025642,31.12911742833336,8100.116079713916,22.193589743589747,19.459992261352404,0.0,11.25,0.0,5.0,57.90358200494215,304,출력 여유 충분,O,X
64,현대,싼타페 2.5T,중형,SUV,가솔린터보,휘발유,3900,5000,9.8,km/L,0.6341025641025642,0.0,0.0,0.6341025641025642,6.214205128205129,31.12911742833336,8265.42457113665,22.193589743589747,19.44897169525756,0.0,11.25,0.0,5.0,57.89256143884731,281,출력 여유 충분,O,X
65,기아,쏘렌토 2.5T,중형,SUV,가솔린터보,휘발유,3920,5050,9.7,km/L,0.6341025641025642,0.0,0.0,0.6341025641025642,6.150794871794872,31.12911742833336,8350.635133725687,22.193589743589747,19.443290991084954,0.0,11.25,0.0,5.0,57.886880734674705,281,출력 여유 충분,O,X
66,제네시스,GV70 2.5T,준중형,SUV,가솔린터보,휘발유,5735,7136,9.5,km/L,0.6341025641025642,0.0,0.0,0.6341025641025642,6.0239743589743595,31.12911742833336,8526.437978646227,22.193589743589747,19.431570801423586,0.0,11.25,0.0,5.0,57.87516054501333,304,출력 여유 충분,O,X
67,제네시스,GV80 2.5T,대형,SUV,가솔린터보,휘발유,6563,8685,9.4,km/L,0.6341025641025642,0.0,0.0,0.6341025641025642,5.960564102564104,31.12911742833336,8617.144765653102,22.193589743589747,19.425523682289793,0.0,11.25,0.0,5.0,57.86911342587954,304,출력 여유 충분,O,X
68,현대,스타리아,대형,MPV,가솔린터보,휘발유,3565,5468,9.3,km/L,0.6341025641025642,0.0,0.0,0.6341025641025642,5.897153846153847,31.12911742833336,8709.802236251522,22.193589743589747,19.419346517583232,0.0,11.25,0.0,5.0,57.862936261172976,281,출력 여유 충분,O,X
69,제네시스,G90 3.5T,대형,세단,가솔린터보,휘발유,8910,12240,8.9,km/L,0.6341025641025642,0.0,0.0,0.6341025641025642,5.6435128205128215,31.12911742833336,9101.254022150468,22.193589743589747,19.393249731856635,0.0,11.25,0.0,5.0,57.83683947544638,380,출력 여유 충분,O,X
70,제네시스,G70 3.3T,준중형,세단,가솔린터보,휘발유,5080,5700,8.8,km/L,0.6341025641025642,0.0,0.0,0.6341025641025642,5.580102564102565,31.12911742833336,9204.677363311268,22.193589743589747,19.386354842445918,0.0,11.25,0.0,5.0,57.829944586035666,370,출력 여유 충분,O,X
71,제네시스,GV80 3.5T,대형,SUV,가솔린터보,휘발유,7493,9557,8.5,km/L,0.6341025641025642,0.0,0.0,0.6341025641025642,5.389871794871795,31.12911742833336,9529.548329075196,22.193589743589747,19.364696778061653,0.0,11.25,0.0,5.0,57.8082865216514,380,출력 여유 충분,O,X
72,기아,타스만 2.5T,대형,픽업,가솔린터보,휘발유,3740,5190,8.5,km/L,0.6341025641025642,0.0,0.0,0.6341025641025642,5.389871794871795,31.12911742833336,9529.548329075196,22.193589743589747,19.364696778061653,0.0,11.25,0.0,5.0,57.8082865216514,281,출력 여유 충분,O,X
73,기아,모닝,경차,해치백,가솔린NA,휘발유,1230,1680,15.7,km/L,0.6805128205128205,0.0,0.0,0.6805128205128205,10.68405128205128,31.12911742833336,4807.450132988188,23.817948717948717,19.679503324467454,0.0,4.5,0.0,6.0,53.99745204241617,76,출력 여유 부족 가능,X,X
74,현대,아반떼,준중형,세단,가솔린NA,휘발유,2034,2806,14.6,km/L,0.6805128205128205,0.0,0.0,0.6805128205128205,9.935487179487179,31.12911742833336,5169.655279994146,23.817948717948717,19.655356314667056,0.0,4.5,0.0,6.0,53.97330503261577,123,출력 여유 부족 가능,O,X
75,현대,코나,소형,SUV,가솔린NA,휘발유,2378,3109,13.6,km/L,0.6805128205128205,0.0,0.0,0.6805128205128205,9.254974358974358,31.12911742833336,5549.776991758421,23.817948717948717,19.630014867216104,0.0,4.5,0.0,6.0,53.94796358516482,149,출력 여유 부족 가능,O,X
76,현대,쏘나타,중형,세단,가솔린NA,휘발유,2826,3549,12.8,km/L,0.6805128205128205,0.0,0.0,0.6805128205128205,8.710564102564103,31.12911742833336,5896.638053743322,23.817948717948717,19.60689079641711,0.0,4.5,0.0,6.0,53.92483951436583,160,출력 하한 근접,O,X
77,기아,K5 2.0,중형,세단,가솔린NA,휘발유,2724,3469,12.8,km/L,0.6805128205128205,0.0,0.0,0.6805128205128205,8.710564102564103,31.12911742833336,5896.638053743322,23.817948717948717,19.60689079641711,0.0,4.5,0.0,6.0,53.92483951436583,160,출력 하한 근접,O,X
78,기아,레이,경차,MPV,가솔린NA,휘발유,1445,1830,12.7,km/L,0.6805128205128205,0.0,0.0,0.6805128205128205,8.64251282051282,31.12911742833336,5943.06827463894,23.817948717948717,19.603795448357403,0.0,4.5,0.0,6.0,53.92174416630612,76,출력 여유 부족 가능,X,X
79,현대,투싼,준중형,SUV,가솔린NA,휘발유,2837,3700,12.4,km/L,0.6805128205128205,0.0,0.0,0.6805128205128205,8.438358974358975,31.12911742833336,6086.8521845092355,23.817948717948717,19.594209854366053,0.0,4.5,0.0,6.0,53.912158572314766,160,출력 하한 근접,O,X
80,현대,그랜저 2.5,대형,세단,가솔린NA,휘발유,3661,4900,11.7,km/L,0.6805128205128205,0.0,0.0,0.6805128205128205,7.961999999999999,31.12911742833336,6451.022828026884,23.817948717948717,19.569931811464873,0.0,4.5,0.0,6.0,53.88788052941359,198,출력 하한 근접,O,X
81,기아,K8 2.5,대형,세단,가솔린NA,휘발유,3679,4546,11.5,km/L,0.6805128205128205,0.0,0.0,0.6805128205128205,7.825897435897436,31.12911742833336,6563.214529383872,23.817948717948717,19.56245236470774,0.0,4.5,0.0,6.0,53.88040108265646,198,출력 하한 근접,O,X
82,현대,싼타페 2.5,중형,SUV,가솔린NA,휘발유,3570,4620,10.6,km/L,0.6805128205128205,0.0,0.0,0.6805128205128205,7.213435897435897,31.12911742833336,7120.4685931994845,23.817948717948717,19.5253020937867,0.0,4.5,0.0,6.0,53.843250811735416,194,출력 하한 근접,O,X
83,기아,쏘렌토 2.5,중형,SUV,가솔린NA,휘발유,3580,4650,10.5,km/L,0.6805128205128205,0.0,0.0,0.6805128205128205,7.145384615384615,31.12911742833336,7188.282579801384,23.817948717948717,19.520781161346573,0.0,4.5,0.0,6.0,53.838729879295286,194,출력 하한 근접,O,X
84,현대,그랜저 3.5,대형,세단,가솔린NA,휘발유,4409,5308,10.4,km/L,0.6805128205128205,0.0,0.0,0.6805128205128205,7.077333333333333,31.12911742833336,7257.400681530245,23.817948717948717,19.516173287897985,0.0,4.5,0.0,6.0,53.8341220058467,272,출력 여유 충분,O,X
85,기아,K8 3.5,대형,세단,가솔린NA,휘발유,3987,4829,10.3,km/L,0.6805128205128205,0.0,0.0,0.6805128205128205,7.009282051282051,31.12911742833336,7327.8608823218,23.817948717948717,19.511475941178546,0.0,4.5,0.0,6.0,53.82942465912726,272,출력 여유 충분,O,X
86,기아,카니발 3.5,대형,MPV,가솔린NA,휘발유,3688,5490,9.3,km/L,0.6805128205128205,0.0,0.0,0.6805128205128205,6.328769230769231,31.12911742833336,8115.802912678982,23.817948717948717,19.45894647248807,0.0,4.5,0.0,6.0,53.77689519043679,272,출력 여유 충분,O,X
87,현대,아반떼 LPi,준중형,세단,LPG,LPG,2172,2842,10.8,km/L,0.6582564102564104,0.0,0.0,0.6582564102564104,7.109169230769233,31.12911742833336,4597.664261287159,23.03897435897436,19.693489049247525,0.0,3.75,0.0,6.0,52.48246340822189,112,출력 여유 부족 가능,O,X
88,기아,모닝 LPG,경차,해치백,LPG,LPG,1345,1780,10.5,km/L,0.6582564102564104,0.0,0.0,0.6582564102564104,6.9116923076923085,31.12911742833336,4729.0260973239365,23.03897435897436,19.68473159351174,0.0,3.75,0.0,6.0,52.4737059524861,62,출력 여유 부족 가능,X,X
89,현대,그랜저 LPi,대형,세단,LPG,LPG,3661,4900,8.9,km/L,0.6582564102564104,0.0,0.0,0.6582564102564104,5.858482051282053,31.12911742833336,5579.188092348462,23.03897435897436,19.628054127176767,0.0,3.75,0.0,6.0,52.417028486151125,177,출력 하한 근접,O,X
90,기아,K8 LPG,대형,세단,LPG,LPG,3987,4829,8.3,km/L,0.6582564102564104,0.0,0.0,0.6582564102564104,5.463528205128206,31.12911742833336,5982.5028942049785,23.03897435897436,19.60116647371967,0.0,3.75,0.0,6.0,52.39014083269403,240,출력 여유 충분,O,X
91,기아,카니발 LPG,대형,MPV,LPG,LPG,3688,5490,7.2,km/L,0.6582564102564104,0.0,0.0,0.6582564102564104,4.7394461538461545,31.12911742833336,6896.496391930739,23.03897435897436,19.540233573871284,0.0,3.75,0.0,6.0,52.32920793284565,240,출력 여유 충분,O,X
